"theta_y0","theta_w0"
0.0290781839493131,2.46525446344639
