"theta_y0","theta_w0"
0.287486264555691,0.140479435560948
