"theta_y0","theta_w0"
0.0394730261145265,1.7879430844924
