"seed","dgp","dgp_true","deepgp","hetgp","time1","time_true","time2","time3"
1,0.000762778098494132,0.000790271078763425,0.00100680022067158,0.00087538550717947,13.3649999999907,11.2320000000182,474.312999999966,0.0640000000130385
2,0.0011100550747068,0.0010648123924935,0.00131516969947091,0.00143769566631154,11.9739999999874,11.8230000000331,88.2739999999758,0.0690000000176951
3,0.00157225530629763,0.00155441791912206,0.00189645816866384,0.00166953389535901,12.291,11.693,94.28,0.144000000000005
