"seed","dgp","deepgp","hetgp"
8,0.000422906910280305,0.000414506329666244,NA
5,0.000685801958116245,0.00100620305551112,NA
3,0.000829943678337041,0.000857943715850878,NA
4,0.000391646036364773,0.000388519471507816,NA
10,0.00083947842014454,0.000866140259525069,NA
9,0.000452160536580433,0.000499154111974881,NA
6,0.000631373628826386,0.000636431150274595,NA
1,0.000483538026998342,0.000509766547165016,NA
2,0.000773528321665367,0.000751097962670117,NA
7,0.00129878852374817,0.00130227688698586,NA
